,term,df,SumOfSqs,R2,statistic,p.value
1,as.factor(treatment),1,3855.84221396927,0.0826582536007818,6.92310252198498,0.001
2,as.factor(day),3,5521.96677168538,0.118375209477049,3.30486743336061,0.001
3,as.factor(treatment):as.factor(day),3,3296.06246356845,0.0706581732028907,1.97267566875361,0.001
4,Residual,61,33974.1285507769,0.728308363719278,NA,NA
5,Total,68,46648,1,NA,NA
