term,df,sumsq,meansq,statistic,p.value,genotype,var,p.adj
Groups,1,65.6476216417321,65.6476216417321,1.17796615151513,0.285879510784147,full,temperature,1
Residuals,32,1783.34826500186,55.7296332813081,NA,NA,full,temperature,NA
Groups,2,3.72405295339291,1.86202647669645,0.0412173584370335,0.959673023443018,full,genotype,1
Residuals,31,1400.44930016006,45.1757838761311,NA,NA,full,genotype,NA
Groups,5,211.436502504194,42.2873005008388,0.920152562925741,0.482501679323756,full,interaction,1
Residuals,28,1286.79141017514,45.9568360776837,NA,NA,full,interaction,NA
Groups,1,65.6476216417321,65.6476216417321,1.17796615151513,0.285879510784147,presenceC,temperature,1
Residuals,32,1783.34826500186,55.7296332813081,NA,NA,presenceC,temperature,NA
Groups,1,1.52952433179806,1.52952433179806,0.032667071382807,0.857711242333044,presenceC,genotype,1
Residuals,32,1498.29098678549,46.8215933370466,NA,NA,presenceC,genotype,NA
Groups,3,154.172612004173,51.3908706680576,1.0129129656662,0.400701971508297,presenceC,interaction,1
Residuals,30,1522.07166094248,50.735722031416,NA,NA,presenceC,interaction,NA
Groups,1,65.6476216417321,65.6476216417321,1.17796615151513,0.285879510784147,presenceT,temperature,1
Residuals,32,1783.34826500186,55.7296332813081,NA,NA,presenceT,temperature,NA
Groups,1,0.652254261943169,0.652254261943169,0.0135600433373142,0.908025567490203,presenceT,genotype,1
Residuals,32,1539.23817667647,48.1011930211395,NA,NA,presenceT,genotype,NA
Groups,3,210.45922122756,70.1530737425201,1.41729632780993,0.257074430066779,presenceT,interaction,1
Residuals,30,1484.93449886214,49.4978166287382,NA,NA,presenceT,interaction,NA
Groups,1,65.6476216417321,65.6476216417321,1.17796615151513,0.285879510784147,het,temperature,1
Residuals,32,1783.34826500186,55.7296332813081,NA,NA,het,temperature,NA
Groups,1,0.652254261943169,0.652254261943169,0.0135600433373142,0.908025567490203,het,genotype,1
Residuals,32,1539.23817667647,48.1011930211395,NA,NA,het,genotype,NA
Groups,3,210.45922122756,70.1530737425201,1.41729632780993,0.257074430066779,het,interaction,1
Residuals,30,1484.93449886214,49.4978166287382,NA,NA,het,interaction,NA
