term,df,sumsq,meansq,statistic,p.value,genotype
Groups,2,25.2170194972958,12.6085097486479,1.4309318514667,0.269919126380589,full
Residuals,15,132.17096679752,8.81139778650132,NA,NA,full
Groups,1,1.232488432295,1.232488432295,0.124971089693056,0.728319221140409,presenceC
Residuals,16,157.795014552199,9.86218840951245,NA,NA,presenceC
Groups,1,1.232488432295,1.232488432295,0.124971089693056,0.728319221140409,presenceT
Residuals,16,157.795014552199,9.86218840951245,NA,NA,presenceT
Groups,1,0.921604129268971,0.921604129268971,0.105881763416388,0.749098741187911,het
Residuals,16,139.265399371138,8.70408746069611,NA,NA,het
