term,df,sumsq,meansq,statistic,p.value,var
Groups,1,751.222523135832,751.222523135832,13.0871783748782,0.000566555086562631,temperature
Residuals,68,3903.29604365248,57.4014124066542,NA,NA,temperature
Groups,3,240.068258535026,80.0227528450086,1.54097370406055,0.212143359858565,day
Residuals,66,3427.37950287763,51.9299924678429,NA,NA,day
Groups,7,721.843291350428,103.120470192918,2.25249942638898,0.0415159873013672,interaction
Residuals,62,2838.38880359247,45.7804645740721,NA,NA,interaction
