term,df,sumsq,meansq,statistic,p.value,genotype
Groups,2,92.5954513021089,46.2977256510544,0.700631083406934,0.514076998410373,full
Residuals,13,859.04043899539,66.0800337688761,NA,NA,full
Groups,1,88.5950040764886,88.5950040764886,1.24949968686831,0.282463402542471,presenceC
Residuals,14,992.661358867202,70.9043827762287,NA,NA,presenceC
Groups,1,88.5950040764886,88.5950040764886,1.24949968686831,0.282463402542471,presenceT
Residuals,14,992.661358867202,70.9043827762287,NA,NA,presenceT
Groups,1,13.0966782057847,13.0966782057847,0.179975810837742,0.677840658102195,het
Residuals,14,1018.76743339854,72.7691023856097,NA,NA,het
