term,df,sumsq,meansq,statistic,p.value
Groups,2,884.691816815105,442.345908407552,8.03037724524218,0.000643652613200799
Residuals,84,4627.06236226313,55.0840757412278,NA,NA
