,term,df,SumOfSqs,R2,statistic,p.value
1,as.factor(treatment),2,6025.25385834221,0.10095596424956,4.77243417451166,0.001
2,Residual,85,53656.7461416578,0.899044035750441,NA,NA
3,Total,87,59682,1,NA,NA
