term,df,sumsq,meansq,statistic,p.value,genotype,p.adj
Groups,2,25.2170194972958,12.6085097486479,1.4309318514667,0.269919126380589,full,1
Residuals,15,132.17096679752,8.81139778650132,NA,NA,full,NA
Groups,1,1.232488432295,1.232488432295,0.124971089693056,0.728319221140409,presenceC,1
Residuals,16,157.795014552199,9.86218840951245,NA,NA,presenceC,NA
Groups,1,52.345876742827,52.345876742827,5.43903306887335,0.0330808622088722,presenceT,0.132323448835489
Residuals,16,153.98583117251,9.6241144482819,NA,NA,presenceT,NA
Groups,1,0.921604129268971,0.921604129268971,0.105881763416388,0.749098741187911,het,1
Residuals,16,139.265399371138,8.70408746069611,NA,NA,het,NA
