term,df,sumsq,meansq,statistic,p.value
Groups,2,970.661614663807,485.330807331904,8.70499930357704,0.000363708987547785
Residuals,85,4739.01458053652,55.7531127121943,NA,NA
