,term,df,SumOfSqs,R2,statistic,p.value
1,as.factor(treatment),1,3956.63198658325,0.0835896392990927,7.12395095770494,0.001
2,as.factor(day),3,5621.77632310809,0.118768249526938,3.37401936434944,0.001
3,as.factor(treatment):as.factor(day),3,3320.88198714261,0.0701584904538515,1.99309248311461,0.002
4,Residual,62,34434.7097031661,0.727483620720118,NA,NA
5,Total,69,47334,1,NA,NA
