,term,df,SumOfSqs,R2,statistic,p.value
1,as.factor(treatment),2,5889.72241774014,0.0998325720004769,4.65798682955928,0.001
2,Residual,84,53106.2775822599,0.900167427999523,NA,NA
3,Total,86,58996,1,NA,NA
