term,df,sumsq,meansq,statistic,p.value,var,p.adj
Groups,1,681.732655505494,681.732655505494,12.0764897713399,0.000900352195871815,temperature,0.00270105658761545
Residuals,67,3782.23215385546,56.4512261769471,NA,NA,temperature,NA
Groups,3,174.81580318081,58.2719343936034,1.13736775394874,0.340624855692682,day,1
Residuals,65,3330.21199382001,51.234030674154,NA,NA,day,NA
Groups,7,644.218418938646,92.0312027055208,2.01803502386059,0.0671172184842446,interaction,0.201351655452734
Residuals,61,2781.86617113173,45.6043634611758,NA,NA,interaction,NA
