,term,df,SumOfSqs,R2,statistic,p.value
1,as.factor(treatment),1,936.781742257219,0.074465957254151,6.30406598844946,0.001
2,as.factor(day),3,1700.59899847995,0.135182750276625,3.8147229045678,0.001
3,as.factor(treatment):as.factor(day),3,878.043098037511,0.0697967486516304,1.96959490172302,0.001
4,Residual,61,9064.57616122532,0.720554543817593,NA,NA
5,Total,68,12580,1,NA,NA
