term,df,sumsq,meansq,statistic,p.value,var,p.adj
Groups,1,50.3952714428871,50.3952714428871,2.32820253328879,0.131755525963822,temperature,0.395266577891467
Residuals,67,1450.25320537894,21.6455702295364,NA,NA,temperature,NA
Groups,1,26.5913188886566,26.5913188886566,1.38414370187397,0.243559689233796,timepoint,0.730679067701388
Residuals,67,1287.16285970011,19.2113859656732,NA,NA,timepoint,NA
Groups,3,50.0411598179611,16.680386605987,0.89952521396024,0.446345072441169,interaction,1
Residuals,65,1205.33044828811,18.5435453582787,NA,NA,interaction,NA
