,term,df,SumOfSqs,R2,statistic,p.value
1,as.factor(treatment),2,1603.50496467514,0.100785981437784,4.70745688235067,0.001
2,Residual,84,14306.4950353249,0.899214018562216,NA,NA
3,Total,86,15910,1,NA,NA
