term,df,sumsq,meansq,statistic,p.value,genotype
Groups,2,36.9824334291152,18.4912167145576,0.840103554927153,0.453808475301177,full
Residuals,13,286.138316972237,22.0106397670952,NA,NA,full
Groups,1,15.7653766133176,15.7653766133176,0.63629742530743,0.438375832817097,presenceC
Residuals,14,346.874376365436,24.7767411689597,NA,NA,presenceC
Groups,1,15.7653766133176,15.7653766133176,0.63629742530743,0.438375832817097,presenceT
Residuals,14,346.874376365436,24.7767411689597,NA,NA,presenceT
Groups,1,18.5952347841159,18.5952347841159,0.743918895450417,0.402941639533857,het
Residuals,14,349.948480364918,24.9963200260656,NA,NA,het
