term,df,sumsq,meansq,statistic,p.value,var,p.adj
Groups,1,61.491221680611,61.491221680611,2.78241548969751,0.0999032847156832,temperature,0.29970985414705
Residuals,68,1502.79607404577,22.0999422653789,NA,NA,temperature,NA
Groups,3,73.5791002749186,24.5263667583062,1.3211159322948,0.274972216431746,day,0.824916649295238
Residuals,66,1225.28248011999,18.5648860624241,NA,NA,day,NA
Groups,7,101.628393253447,14.5183418933496,0.839141196861485,0.559248523532806,interaction,1
Residuals,62,1072.68860205448,17.3014290653949,NA,NA,interaction,NA
