,term,df,SumOfSqs,R2,statistic,p.value
1,as.factor(treatment),1,964.395752813838,0.0755500002204338,6.50947711190918,0.001
2,as.factor(day),3,1730.4497576262,0.135562064835582,3.89339578961244,0.001
3,as.factor(treatment):as.factor(day),3,884.695251203219,0.0693063259853677,1.9905049256384,0.001
4,Residual,62,9185.45923835675,0.719581608958617,NA,NA
5,Total,69,12765,1,NA,NA
