term,df,sumsq,meansq,statistic,p.value,var,p.adj
Groups,1,50.3952714428871,50.3952714428871,2.32820253328879,0.131755525963822,temperature,0.395266577891467
Residuals,67,1450.25320537894,21.6455702295364,NA,NA,temperature,NA
Groups,3,55.217242459268,18.4057474864227,0.999421792520392,0.398851911246719,day,1
Residuals,65,1197.06573898134,18.4163959843282,NA,NA,day,NA
Groups,7,80.8948805693074,11.5564115099011,0.671369073005257,0.695359062461774,interaction,1
Residuals,61,1050.00532560791,17.213202059146,NA,NA,interaction,NA
