term,df,sumsq,meansq,statistic,p.value
Groups,2,146.12670715062,73.06335357531,3.52250330995737,0.0339073951805826
Residuals,85,1763.06010454154,20.7418835828416,NA,NA
