,term,df,SumOfSqs,R2,statistic,p.value
1,as.factor(treatment),1,936.781742257219,0.074465957254151,6.12854093265732,0.001
2,as.factor(timepoint),1,1264.8013073281,0.100540644461693,8.27448511641719,0.001
3,as.factor(treatment):as.factor(timepoint),1,442.803577540117,0.0351990125230618,2.89687525670902,0.002
4,Residual,65,9935.61337287457,0.789794385761095,NA,NA
5,Total,68,12580,1,NA,NA
