term,df,sumsq,meansq,statistic,p.value
Groups,2,128.932827187993,64.4664135939967,3.15581305313707,0.0476975650501348
Residuals,84,1715.93774748878,20.4278303272474,NA,NA
