,term,df,SumOfSqs,R2,statistic,p.value
1,as.factor(treatment),2,1643.0908641338,0.10208703722484,4.83198178657112,0.001
2,Residual,85,14451.9091358662,0.89791296277516,NA,NA
3,Total,87,16095,1,NA,NA
