term,df,sumsq,meansq,statistic,p.value,genotype,p.adj
Groups,2,10.7914759215675,5.39573796078374,2.2577522487275,0.138942808201401,full,0.555771232805604
Residuals,15,35.8480738785103,2.38987159190069,NA,NA,full,NA
Groups,1,0.370154372510452,0.370154372510452,0.125234058419236,0.728045915635312,presenceC,1
Residuals,16,47.291208437413,2.95570052733831,NA,NA,presenceC,NA
Groups,1,0.370154372510452,0.370154372510452,0.125234058419236,0.728045915635312,presenceT,1
Residuals,16,47.291208437413,2.95570052733831,NA,NA,presenceT,NA
Groups,1,0.904536923878757,0.904536923878757,0.431285450361951,0.520693559187923,het,1
Residuals,16,33.5568722986462,2.09730451866539,NA,NA,het,NA
