,term,df,SumOfSqs,R2,statistic,p.value
1,as.factor(treatment),1,964.395752813838,0.0755500002204338,6.31729912965892,0.001
2,as.factor(timepoint),1,1283.37417267014,0.100538517247955,8.40677545538801,0.001
3,as.factor(treatment):as.factor(timepoint),1,441.7027994367,0.0346026478211281,2.89338552384522,0.002
4,Residual,66,10075.5272750793,0.789308834710483,NA,NA
5,Total,69,12765,1,NA,NA
