treatment,tank,probe_num,slope_nmol_hr,p.value,r.squared,slope_nmol_hr_blank,p.value_blank,r.squared_blank,slope_nmol_hr_corrected,blank_ratio
5C,tank1,2,-1484.08043570892,0,0.972052433835412,-118.338747951045,3.15487854570316e-300,0.913793057892168,-1365.74168775787,0.0797387696136002
5C,tank1,3,-1775.59480007319,0,0.966008991841747,-116.346991662733,3.58897881504483e-240,0.858752773808099,-1659.24780841046,0.0655256433832406
5C,tank1,4,-1098.38717363928,0,0.97510143815167,-34.6716891349429,9.5205788120386e-91,0.517779448386452,-1063.71548450434,0.031565999646614
5C,tank4,3,-696.842835729473,0,0.953865934475682,-138.448154992864,0,0.965476724104565,-333.886312696821,0.198679168234445
5C,tank4,2,-292.190321045074,0,0.772578383052621,-362.956523032652,0,0.992773404864311,-153.74216605221,1.24219214974154
5C,tank7,2,-567.920370937402,0,0.906657544226219,4.76682110081815,0.00341769580047049,0.0151733893641807,-572.68719203822,0.00839346736752918
5C,tank7,3,-882.321114494817,0,0.941233780214357,-32.8974454801533,2.13029372218667e-181,0.770414789401165,-849.423669014664,0.0372851164272422
5C,tank7,4,-3673.4393122378,0,0.935189905843198,115.032276599499,0,0.937895799264022,-3788.4715888373,0.0313145983428329
