term,contrast,null.value,estimate,conf.low,conf.high,adj.p.value
treatment,25C-15C,0,0.313075580828636,0.031187995622652,0.594963166034621,0.0256520527658537
treatment,5C-15C,0,-1.24403639017045,-1.53858556252494,-0.949487217815959,4.00790511889682e-14
treatment,5C-25C,0,-1.55711197099909,-1.82727126181573,-1.28695268018245,1.31006316905768e-14
