term,estimate,std.error,statistic,p.value
(Intercept),8.47692382836509,0.297718949090357,28.4729065928295,1.43646290338775e-52
treatment25C,0.47514823114949,0.238536765704385,1.9919287064466,0.0488566924646215
treatment5C,-0.752567860705359,0.266093498151892,-2.82820837762739,0.00556353112042635
as.numeric(day),0.0202228047112192,0.00680756665377162,2.97063631393386,0.00364980038053535
hasTY,0.182207191778748,0.132187923901657,1.37839513928901,0.170878384769272
sexM,-0.215815797935189,0.117962623099325,-1.82952694900207,0.0700291090627357
integument.cont,-0.162252913294716,0.0985420698204534,-1.64653445569335,0.102507916585536
treatment25C:as.numeric(day),-0.00917111099622189,0.00918262913058236,-0.998745660507827,0.320109891839201
treatment5C:as.numeric(day),-0.0232468001606116,0.00882430205830818,-2.63440666547951,0.00964347834733193
