term,df,sumsq,meansq,statistic,p.value
treatment,2,51.3640380142244,25.6820190071122,98.422293637318,1.02787222438714e-24
as.numeric(day),1,0.67874408602345,0.67874408602345,2.60117982627039,0.109814684950487
hasT,1,0.720871782392093,0.720871782392093,2.7626275886566,0.0995009900926033
treatment:as.numeric(day),2,1.58719743655012,0.79359871827506,3.04134211794783,0.0520409340840513
Residuals,104,27.1374490273711,0.260937009878568,NA,NA
