term,df,sumsq,meansq,statistic,p.value
treatment,2,51.3640380142244,25.6820190071122,100.53034959649,7.59622982636939e-25
as.numeric(day),1,0.67874408602345,0.67874408602345,2.65689314518422,0.106186327194656
carapace.width,1,0.319171322566827,0.319171322566827,1.24937235775471,0.266298160515255
missing.legs,1,0.204794165822844,0.204794165822844,0.801651500989485,0.372708114113375
hasT,1,0.890036141573123,0.890036141573123,3.48398015129098,0.0648379608969503
treatment:as.numeric(day),2,1.97405288286205,0.987026441431025,3.86364145243257,0.0241303084595199
Residuals,102,26.0574637334885,0.255465330720475,NA,NA
