term,df,sumsq,meansq,statistic,p.value
treatment,2,81.3262652930367,40.6631326465184,133.659275499464,1.13568372813838e-31
as.numeric(day),1,0.4376315262618,0.4376315262618,1.43849007513407,0.232670615960998
missing.legs,1,0.78440366104201,0.78440366104201,2.57832631699563,0.110879895033648
final.genotype,2,1.35740523321698,0.67870261660849,2.2308881316169,0.111727805178431
treatment:as.numeric(day),2,2.66123805135785,1.33061902567893,4.37373028989384,0.0146055771084737
Residuals,124,37.7244933382007,0.30422978498549,NA,NA
