term,contrast,null.value,estimate,conf.low,conf.high,adj.p.value
treatment,25C-15C,0,0.396518712952572,0.101632268144682,0.691405157760462,0.00509435742422704
treatment,5C-15C,0,-1.34346376721503,-1.62844710863171,-1.05848042579834,2.12052597703405e-14
treatment,5C-25C,0,-1.7399824801676,-2.00521021809972,-1.47475474223547,7.66053886991358e-15
