day,slope_nmol_hr_corrected_mean_15C,slope_nmol_hr_corrected_mean_25C,slope_nmol_hr_corrected_mean_05C,Q10_15_25,Q10_15_5,Q10_25_5
07,6032.93777854739,5882.43733514272,1475.1597200048,0.975053539597269,4.08968445703476,1.99691294393814
14,3524.36949397418,11079.7865148281,1573.57057857502,3.1437641637098,2.23972762452495,2.65352132881053
21,7068.9101163324,7974.56881501676,1680.27679332548,1.12811857610014,4.20699145784318,2.17852822177898
28,7126.950426806,6763.76314307417,1185.11373098755,0.949040296061859,6.01372698708599,2.38898916704519
42,7476.91508400411,10472.2426343148,1718.540230369,1.40061008004743,4.35073613749427,2.46853901929888
