term,npar,AIC,BIC,logLik,deviance,statistic,df,p.value
lmAllSlopeResults,13,194.806443844809,230.935049255259,-84.4032219224043,168.806443844809,NA,NA,NA
lmAllSlopeResultsGenotype,15,196.002836548111,237.689688944784,-83.0014182740556,166.002836548111,2.80360729669738,2,0.246152590601889
lmAllSlopeResults,13,194.806443844809,230.935049255259,-84.4032219224043,168.806443844809,NA,NA,NA
lmAllSlopeResultsHasC,14,196.74480633101,235.652535234572,-84.3724031655052,168.74480633101,0.0616375137983027,1,0.80392625550735
lmAllSlopeResults,13,194.806443844809,230.935049255259,-84.4032219224043,168.806443844809,NA,NA,NA
lmAllSlopeResultsHasT,14,194.090632236386,232.998361139948,-83.0453161181932,166.090632236386,2.71581160842234,1,0.0993584235682125
