term,contrast,null.value,estimate,std.error,df,statistic,adj.p.value
treatment,15C - 25C,0,-0.307112423634437,0.128467135424315,29.8843950647178,-2.39059135723758,0.058830044843765
treatment,15C - 5C,0,1.24946060131966,0.134419328759948,33.0158847941655,9.29524505773271,2.8985225331013e-10
treatment,25C - 5C,0,1.5565730249541,0.131544318554069,29.4264048669233,11.8330692048421,3.10240722001254e-12
