term,contrast,null.value,estimate,conf.low,conf.high,adj.p.value
treatment,25C-15C,0,0.313075580828636,0.0282661033209766,0.597885058336296,0.0275407076683903
treatment,5C-15C,0,-1.24403639017045,-1.5416386979035,-0.946434082437405,6.12843109593086e-14
treatment,5C-25C,0,-1.55711197099909,-1.83007158504205,-1.28415235695613,3.5083047578155e-14
