"","treatment","sex.x","count","mean.weight","mean.carapace.width"
"1","15C","F",114,23.1316666666667,47.1315789473684
"2","15C","M",143,23.8016783216783,46.9440559440559
"3","25C","F",94,20.4793617021277,44.9893617021277
"4","25C","M",162,26.3980864197531,48.0679012345679
"5","5C","F",74,17.6243243243243,41.1621621621622
"6","5C","M",210,24.7467142857143,47.4714285714286
