term,contrast,null.value,estimate,conf.low,conf.high,adj.p.value
treatment,25C-15C,0,-0.163103969493277,-0.2645639616103,-0.0616439773762528,0.000504789943327921
treatment,5C-15C,0,1.15048102528576,1.05147541925992,1.24948663131161,0
treatment,5C-25C,0,1.31358499477904,1.21447810019163,1.41269188936645,0
