term,contrast,null.value,estimate,conf.low,conf.high,adj.p.value
treatment,25C-15C,0,-0.163103969493277,-0.27291688912024,-0.0532910498663127,0.00149076095480272
treatment,5C-15C,0,1.15048102528576,1.0433245547373,1.25763749583422,0
treatment,5C-25C,0,1.31358499477904,1.20631889685492,1.42085109270316,0
