term,npar,AIC,BIC,logLik,deviance,statistic,df,p.value
TTRnullGenotype,14,710.647090143689,771.461416221457,-341.323545071844,682.647090143689,NA,NA,NA
TTRmodelGenotype,16,714.066713600206,783.568800546227,-341.033356800103,682.066713600206,0.580376543483112,2,0.74812270395429
TTRnullAlleleC,15,712.066790106847,777.224996618742,-341.033395053423,682.066790106847,NA,NA,NA
TTRmodelAllele,16,714.066713600205,783.568800546226,-341.033356800103,682.066713600205,7.65066416761329e-05,1,0.993021146316982
TTRnullAlleleT,15,712.60531219678,777.763518708675,-341.30265609839,682.60531219678,NA,NA,NA
TTRmodelAllele,16,714.066713600205,783.568800546226,-341.033356800103,682.066713600205,0.538598596575298,1,0.463014094407772
