term,npar,AIC,BIC,logLik,deviance,statistic,df,p.value
TTRdiffNullGenotype,13,340.071913962139,369.668573509347,-157.035956981069,314.071913962139,NA,NA,NA
TTRdiffModelGenotype,15,343.339254490072,377.489246275312,-156.669627245036,313.339254490072,0.732659472066928,2,0.693274166043587
TTRdiffNullAlleleC,14,341.519991971666,373.393317637891,-156.759995985833,313.519991971666,NA,NA,NA
TTRdiffModelAllele,15,343.339254490072,377.489246275312,-156.669627245036,313.339254490072,0.180737481594349,1,0.670740225109391
TTRdiffNullAlleleT,14,341.679939961686,373.55326562791,-156.839969980843,313.679939961686,NA,NA,NA
TTRdiffModelAllele,15,343.339254490072,377.489246275312,-156.669627245036,313.339254490072,0.340685471613995,1,0.559433821719839
