term,df,sumsq,meansq,statistic,p.value
treatment,2,280.184565872785,140.092282936393,585.09898368824,3.80686629498052e-156
day,1,0.435950464951822,0.435950464951822,1.82075820762762,0.177613080535741
as.factor(integument.color),5,5.0823119245696,1.01646238491392,4.24528100980759,0.000815791709996312
size,1,0.682496647548998,0.682496647548998,2.85046461147942,0.0917457246874072
weight,1,1.24828380734441,1.24828380734441,5.21348907821937,0.0226794210314498
treatment:day,2,32.7026303798276,16.3513151899138,68.2916838747534,4.58998408413776e-28
Residuals,783,187.476410995858,0.239433475090496,NA,NA
