term,df,sumsq,meansq,statistic,p.value
treatment,2,280.184565872785,140.092282936393,499.468257368898,1.17470207148367e-140
day,1,0.435950464951822,0.435950464951822,1.5542856070631,0.212875750238442
as.factor(integument.color),5,5.0823119245696,1.01646238491392,3.62397332267403,0.00301223115306199
size,1,0.682496647548998,0.682496647548998,2.43329185638432,0.119186260659196
weight,1,1.24828380734441,1.24828380734441,4.4504816745631,0.0352073860612051
Residuals,785,220.179041375686,0.280482855255651,NA,NA
