term,npar,AIC,BIC,logLik,deviance,statistic,df,p.value
TTRdiffNullGenotype,10,334.690455563041,357.457116753202,-157.345227781521,314.690455563041,NA,NA,NA
TTRdiffModelGenotype,12,337.930036466295,365.250029894487,-156.965018233147,313.930036466295,0.760419096746432,2,0.683718122179857
TTRdiffNullAlleleC,11,336.053676529717,361.097003838893,-157.026838264858,314.053676529717,NA,NA,NA
TTRdiffModelAllele,12,337.930036466294,365.250029894487,-156.965018233147,313.930036466294,0.123640063422158,1,0.725119596137091
TTRdiffNullAlleleT,11,336.36861027679,361.411937585966,-157.184305138395,314.36861027679,NA,NA,NA
TTRdiffModelAllele,12,337.930036466294,365.250029894487,-156.965018233147,313.930036466294,0.438573810495257,1,0.507811620700528
