term,npar,AIC,BIC,logLik,deviance,statistic,df,p.value
TTRnullTreatment,10,1312.8933744354,1359.68936629384,-646.446687217698,1292.8933744354,NA,NA,NA
TTRmodel,14,1030.34906791777,1095.86345651959,-501.174533958883,1002.34906791777,290.544306517631,4,1.18649829955957e-61
TTRnullDay,11,1169.3761204218,1220.85171146609,-573.688060210899,1147.3761204218,NA,NA,NA
TTRmodel,14,1030.34906791777,1095.86345651959,-501.174533958883,1002.34906791777,145.027052504032,3,3.11461562970023e-31
TTRnullInteraction,12,1170.79070263041,1226.94589286054,-573.395351315204,1146.79070263041,NA,NA,NA
TTRmodel,14,1030.34906791777,1095.86345651959,-501.174533958883,1002.34906791777,144.441634712642,2,4.31417287200639e-32
