day,term,contrast,null.value,estimate,std.error,df,statistic,adj.p.value
16.3781407035176,treatment,15C - 25C,0,0.169647725317903,0.0733386910075368,145.651911056986,2.31320907132729,0.0571090068739334
16.3781407035176,treatment,15C - 5C,0,-1.10283923506421,0.0717679434994392,144.429014809654,-15.3667387037895,0
16.3781407035176,treatment,25C - 5C,0,-1.27248696038211,0.0726205466311319,141.863693613441,-17.5224095578015,1.22124532708767e-14
